{"Node":0,"Position":[1,1,3.048]}
{"Node":1,"Position":[3,1,3.048]}
{"Node":2,"Position":[5,1,3.048]}
{"Node":3,"Position":[5,3,3.048]}
{"Node":4,"Position":[3,3,3.048]}
{"Node":5,"Position":[1,3,3.048]}
{"Node":6,"Position":[0.6679,3.1253,1.545]}
{"Node":7,"Position":[2.8517,3.1093,1.5558]}
{"Node":8,"Position":[4.7694,3.1306,1.5253]}
{"Node":9,"Position":[5.0209,1.0922,1.5083]}
{"Node":10,"Position":[2.7646,0.86104,1.5516]}
{"Node":11,"Position":[0.76376,0.93021,1.52]}
